City ID,Date,Country,City,Lat,Lng,Max Temp,Humidity,Wind Speed,Cloud Cover
0,2020-04-09 13:46:05,US,Hilo,19.73,-155.09,71.6,78,5.06,1
1,2020-04-09 13:48:33,CA,Aklavik,68.22,-135.01,-2.2,84,3.36,75
2,2020-04-09 13:46:06,ZA,Cape Town,-33.93,18.42,82.4,14,11.41,100
3,2020-04-09 13:48:33,CV,São Filipe,14.9,-24.5,80.08,53,14.81,0
4,2020-04-09 13:48:33,LY,Benghazi,32.12,20.07,61.05,53,13.38,0
5,2020-04-09 13:48:33,US,Rock Springs,41.59,-109.2,32.0,28,6.93,1
6,2020-04-09 13:48:33,RE,Saint-Leu,-21.15,55.28,84.2,69,5.82,75
7,2020-04-09 13:48:34,PF,Rikitea,-23.12,-134.97,75.72,71,7.34,100
8,2020-04-09 13:48:34,PG,Kiunga,-6.12,141.29,73.24,97,1.77,100
9,2020-04-09 13:48:34,CN,Moba,33.23,105.02,48.07,48,3.58,100
10,2020-04-09 13:47:47,AU,Hobart,-42.88,147.33,55.4,76,10.29,0
11,2020-04-09 13:48:34,MV,Naifaru,5.44,73.37,85.96,69,4.88,25
12,2020-04-09 13:48:34,CN,Aksu,41.12,80.26,66.7,16,3.22,100
13,2020-04-09 13:48:34,BR,Castro,-24.79,-50.01,73.38,34,2.59,34
14,2020-04-09 13:47:00,NZ,Christchurch,-43.53,172.63,45.0,87,3.36,90
15,2020-04-09 13:48:34,US,Laguna,38.42,-121.42,53.6,87,8.05,90
16,2020-04-09 13:48:34,ZA,Bredasdorp,-34.53,20.04,89.6,27,9.17,99
17,2020-04-09 13:45:10,CA,Thompson,55.74,-97.86,3.2,77,5.82,20
18,2020-04-09 13:48:34,AU,Lakes Entrance,-37.88,147.98,48.99,91,4.97,14
19,2020-04-09 13:48:34,CK,Avarua,-21.21,-159.78,80.6,94,13.87,75
20,2020-04-09 13:48:34,RO,Avram Iancu,46.38,22.78,57.24,34,4.29,11
21,2020-04-09 13:48:35,AU,Codrington,-38.27,141.97,58.82,73,10.47,0
22,2020-04-09 13:48:35,RU,Verkh-Usugli,52.7,115.17,32.81,58,1.95,31
23,2020-04-09 13:48:35,EC,Puerto Ayora,-0.74,-90.35,81.0,88,6.93,75
24,2020-04-09 13:48:35,CA,Goderich,43.75,-81.72,41.0,80,20.87,20
25,2020-04-09 13:48:35,KI,Butaritari,3.07,172.79,83.66,78,11.95,89
26,2020-04-09 13:48:35,PH,Lopez Jaena,10.85,123.43,81.79,77,11.65,27
27,2020-04-09 13:48:35,GL,Upernavik,72.79,-56.15,15.91,84,6.55,0
28,2020-04-09 13:48:35,AR,Ushuaia,-54.8,-68.3,53.6,71,5.99,20
29,2020-04-09 13:48:35,IE,Skibbereen,51.55,-9.27,59.0,67,12.75,75
30,2020-04-09 13:46:56,US,Kapaa,22.08,-159.32,69.8,88,6.93,40
31,2020-04-09 13:48:09,IN,Manthani,18.65,79.67,83.86,48,11.9,24
32,2020-04-09 13:48:35,NZ,Mataura,-46.19,168.86,54.0,88,7.0,93
33,2020-04-09 13:48:35,PT,Ribeira Brava,32.65,-17.07,68.0,88,6.93,40
34,2020-04-09 13:48:36,AU,Yulara,-25.24,130.99,69.8,32,6.93,14
35,2020-04-09 13:48:36,ZA,Plettenberg Bay,-34.05,23.37,71.98,48,6.2,91
36,2020-04-09 13:48:36,ID,Sorong,-0.88,131.25,77.23,86,4.43,2
37,2020-04-09 13:47:46,US,Albany,42.6,-73.97,48.99,81,11.41,90
38,2020-04-09 13:48:36,CA,Iqaluit,63.75,-68.51,8.6,84,12.75,75
39,2020-04-09 13:48:36,RU,Akhtubinsk,48.28,46.17,52.52,44,11.95,10
40,2020-04-09 13:48:37,SO,Bandarbeyla,9.49,50.81,82.33,59,10.92,91
41,2020-04-09 13:47:48,AU,Busselton,-33.65,115.33,66.0,91,3.0,69
42,2020-04-09 13:48:37,BR,Cidreira,-30.18,-50.21,67.37,66,14.14,25
43,2020-04-09 13:48:37,RU,Cherskiy,68.75,161.3,-10.91,89,4.65,100
44,2020-04-09 13:48:37,US,Bethel,41.37,-73.41,51.01,93,5.82,90
45,2020-04-09 13:48:37,JP,Shingū,33.73,135.98,49.69,60,7.2,50
46,2020-04-09 13:48:37,GL,Tasiilaq,65.61,-37.64,28.4,58,13.87,5
47,2020-04-09 13:48:37,NZ,Bluff,-46.6,168.33,54.0,88,7.0,98
48,2020-04-09 13:48:37,US,Jamestown,42.1,-79.24,42.8,70,13.91,90
49,2020-04-09 13:44:48,CA,Yellowknife,62.46,-114.35,19.4,73,19.46,75
50,2020-04-09 13:48:37,PF,Atuona,-9.8,-139.03,81.97,79,13.65,97
51,2020-04-09 13:48:37,MY,George Town,5.41,100.34,84.2,83,4.7,20
52,2020-04-09 13:48:38,FI,Lieksa,63.32,30.02,37.94,74,10.29,68
53,2020-04-09 13:48:38,ZA,Hermanus,-34.42,19.23,79.0,35,4.0,99
54,2020-04-09 13:48:38,US,Sitka,57.05,-135.33,39.2,69,10.29,90
55,2020-04-09 13:48:38,RE,Saint-Philippe,-21.36,55.77,84.2,69,5.82,75
56,2020-04-09 13:44:56,CL,Punta Arenas,-53.15,-70.92,57.2,81,5.82,75
57,2020-04-09 13:48:38,RU,Krasnogorskoye,52.3,86.2,32.5,87,3.15,100
58,2020-04-09 13:48:38,ZA,Kruisfontein,-34.0,24.73,74.71,39,4.45,85
59,2020-04-09 13:46:18,AR,Viedma,-40.81,-63.0,69.58,30,18.12,0
60,2020-04-09 13:45:54,ID,Denpasar,-8.65,115.22,82.4,94,5.82,20
61,2020-04-09 13:48:38,ZA,Port Elizabeth,-33.92,25.57,73.4,64,12.75,63
62,2020-04-09 13:48:38,MU,Bambous Virieux,-20.34,57.76,82.4,74,17.22,75
63,2020-04-09 13:48:39,US,Nānākuli,21.39,-158.15,69.8,100,4.88,40
64,2020-04-09 13:48:39,IS,Hofn,64.25,-15.21,37.69,85,2.42,100
65,2020-04-09 13:45:02,US,Jefferson City,38.58,-92.17,50.0,70,4.7,1
66,2020-04-09 13:48:39,NG,Lagos,6.58,3.75,93.2,56,10.29,75
134,2020-04-09 13:48:39,CN,Jingdezhen,29.29,117.21,63.05,61,3.22,0
135,2020-04-09 13:49:30,CN,Altay,47.87,88.12,48.51,34,10.27,96
136,2020-04-09 13:49:30,IN,Kavaratti,10.57,72.64,84.49,69,11.14,0
137,2020-04-09 13:49:30,TL,Airai,-8.93,125.41,60.31,72,0.89,37
138,2020-04-09 13:49:30,TZ,Dodoma,-6.17,35.74,82.4,54,6.93,20
139,2020-04-09 13:49:30,AU,Port Augusta,-32.5,137.77,57.2,82,3.06,0
140,2020-04-09 13:47:20,GL,Narsaq,60.92,-46.05,46.4,20,29.97,75
141,2020-04-09 13:49:31,MW,Chipoka,-13.99,34.52,83.25,49,12.84,7
142,2020-04-09 13:49:31,RU,Tiksi,71.69,128.87,33.31,90,29.17,100
143,2020-04-09 13:49:31,RU,Provideniya,64.38,-173.3,6.15,92,5.35,100
144,2020-04-09 13:46:51,OM,Salalah,17.02,54.09,86.0,66,10.29,0
145,2020-04-09 13:49:31,AO,Benguela,-12.58,13.41,84.2,70,9.17,40
146,2020-04-09 13:49:31,AO,Camabatela,-8.19,15.38,76.51,60,3.36,91
147,2020-04-09 13:49:31,NE,Filingué,14.35,3.32,106.99,9,5.12,81
148,2020-04-09 13:44:38,US,Saint Paul Harbor,57.79,-152.41,30.2,63,19.46,1
149,2020-04-09 13:45:09,MX,Cabo San Lucas,22.89,-109.91,70.0,64,10.29,75
150,2020-04-09 13:49:31,US,Alpine,32.84,-116.77,55.4,87,5.03,90
151,2020-04-09 13:49:31,KE,Wajir,1.75,40.06,90.55,41,9.57,90
152,2020-04-09 13:49:31,PT,Vila,42.03,-8.16,62.01,100,10.29,90
153,2020-04-09 13:49:32,CA,Torbay,47.67,-52.73,36.0,69,5.82,75
154,2020-04-09 13:49:32,BD,Teknāf,20.86,92.31,77.85,86,5.99,0
155,2020-04-09 13:49:32,NO,Berlevåg,70.86,29.09,23.95,91,21.68,100
156,2020-04-09 13:49:32,VE,Caraballeda,10.61,-66.85,80.01,56,4.56,100
157,2020-04-09 13:49:32,GR,Karpathos,35.51,27.21,62.6,59,24.16,20
158,2020-04-09 13:49:32,CA,Pangnirtung,66.15,-65.71,10.4,66,3.36,20
159,2020-04-09 13:49:32,GF,Sinnamary,5.38,-52.95,82.65,73,13.2,99
160,2020-04-09 13:49:32,RU,Khatanga,71.97,102.5,26.51,94,15.35,99
161,2020-04-09 13:49:32,MU,Mahébourg,-20.41,57.7,82.4,74,17.22,75
162,2020-04-09 13:49:32,RU,Vanavara,60.34,102.28,33.71,88,4.7,100
163,2020-04-09 13:49:33,TR,Erzin,36.96,36.2,69.8,46,14.99,40
164,2020-04-09 13:45:15,CA,Fort Nelson,58.81,-122.7,39.2,48,13.87,75
165,2020-04-09 13:49:33,NO,Rørvik,64.86,11.24,38.66,75,11.95,96
166,2020-04-09 13:49:33,RU,Nikolskoye,59.7,30.79,46.4,65,11.18,75
167,2020-04-09 13:49:33,RU,Vostok,46.49,135.88,24.73,82,1.99,42
168,2020-04-09 13:49:33,LY,Tripoli,32.88,13.19,62.8,47,13.89,0
169,2020-04-09 13:46:14,US,Saint Anthony,45.02,-93.22,37.4,69,12.75,90
170,2020-04-09 13:49:33,US,Elko,41.0,-115.5,46.99,42,8.05,20
171,2020-04-09 13:49:17,TC,Cockburn Town,21.46,-71.14,78.8,69,5.82,40
172,2020-04-09 13:49:33,RU,Chumikan,54.72,135.31,33.28,89,5.55,96
173,2020-04-09 13:49:33,DZ,Timizart,36.8,4.27,62.15,62,12.28,16
174,2020-04-09 13:49:33,BS,Marsh Harbour,26.54,-77.06,79.34,78,19.06,1
175,2020-04-09 13:49:33,MX,San Patricio,19.22,-104.7,83.71,28,1.83,37
176,2020-04-09 13:49:33,TO,Vaini,-21.2,-175.2,77.0,78,10.29,40
177,2020-04-09 13:49:33,JP,Shimoda,34.67,138.95,57.0,84,1.01,96
178,2020-04-09 13:49:34,AU,New Norfolk,-42.78,147.06,54.0,76,11.41,0
179,2020-04-09 13:49:06,ES,Los Llanos de Aridane,28.66,-17.92,75.2,69,10.29,75
180,2020-04-09 13:49:34,ZA,Saldanha,-33.01,17.94,78.8,59,11.41,100
181,2020-04-09 13:49:34,RU,Lys'va,58.11,57.81,35.55,89,6.44,98
182,2020-04-09 13:49:34,LR,Harper,4.38,-7.72,81.81,75,3.06,100
183,2020-04-09 13:49:34,MX,San Quintín,30.48,-115.95,57.09,57,5.35,1
184,2020-04-09 13:49:34,GL,Qaanaaq,77.48,-69.36,14.31,84,9.26,100
185,2020-04-09 13:42:23,US,College,64.86,-147.8,19.4,72,6.93,75
186,2020-04-09 13:49:34,LK,Kalmunai,7.42,81.82,81.91,76,8.7,11
187,2020-04-09 13:49:34,AU,Geraldton,-28.77,114.6,75.2,73,10.29,5
188,2020-04-09 13:49:34,US,Barrow,71.29,-156.79,-9.4,76,12.75,40
189,2020-04-09 13:48:01,IL,Kiryat Gat,31.61,34.76,68.0,49,13.87,20
190,2020-04-09 13:49:35,PH,Latung,5.5,120.88,82.22,71,5.06,70
191,2020-04-09 13:49:35,AU,Port Lincoln,-34.73,135.87,59.85,72,4.03,0
192,2020-04-09 13:49:35,UY,Chui,-33.7,-53.46,67.17,58,13.8,40
193,2020-04-09 13:48:01,US,Lake City,30.19,-82.64,80.01,88,5.82,75
194,2020-04-09 13:49:35,CA,Havre-St-Pierre,50.23,-63.6,35.6,55,9.17,1
195,2020-04-09 13:49:35,AR,Necochea,-38.55,-58.74,61.0,81,1.99,2
196,2020-04-09 13:49:35,RU,Teya,60.38,92.63,29.44,92,7.52,97
197,2020-04-09 13:49:35,IQ,Baghdad,33.34,44.4,84.2,48,9.17,57
198,2020-04-09 13:49:35,PG,Kavieng,-2.57,150.8,83.46,74,6.87,45
199,2020-04-09 13:49:35,ID,Ambon City,-3.7,128.18,78.8,88,3.36,40
200,2020-04-09 13:45:15,CA,Hay River,60.82,-115.8,24.8,85,10.29,90
201,2020-04-09 13:49:36,RU,Snezhnogorsk,69.19,33.25,24.8,73,8.95,75
202,2020-04-09 13:49:36,CN,Pingdingshan,33.74,113.3,47.62,69,14.03,89
203,2020-04-09 13:49:36,VU,Sola,-13.88,167.55,80.67,79,13.98,69
204,2020-04-09 13:49:36,MX,Guerrero Negro,27.98,-114.06,59.11,62,13.49,0
205,2020-04-09 13:49:36,RU,Arman',59.7,150.17,16.9,87,10.8,1
206,2020-04-09 13:45:02,US,Lompoc,34.64,-120.46,50.0,93,6.93,90
207,2020-04-09 13:49:36,AU,Armidale,-30.52,151.65,54.0,70,1.01,100
208,2020-04-09 13:49:36,IS,Grindavik,63.84,-22.43,39.2,73,12.75,40
209,2020-04-09 13:49:36,PT,Ribeira Grande,38.52,-28.7,64.4,77,5.82,20
210,2020-04-09 13:46:26,US,Weiser,44.25,-116.97,46.99,49,6.93,1
211,2020-04-09 13:49:36,RU,Severodvinsk,64.56,39.83,33.8,90,11.18,90
212,2020-04-09 13:47:45,MR,Nouakchott,18.09,-15.98,102.2,7,14.99,0
213,2020-04-09 13:49:36,GL,Ilulissat,69.22,-51.1,21.2,41,4.7,5
214,2020-04-09 13:49:37,IN,Along,28.17,94.77,64.35,58,4.97,31
215,2020-04-09 13:49:24,CN,Genhe,50.78,121.52,29.07,70,2.57,0
216,2020-04-09 13:49:37,RU,Saskylakh,71.92,114.08,35.44,83,22.75,100
217,2020-04-09 13:49:37,AU,Collie,-33.37,116.15,66.0,91,3.0,94
218,2020-04-09 13:49:37,CN,Zhenjiang,32.21,119.43,63.0,77,4.0,20
219,2020-04-09 13:49:37,US,Laurel,39.1,-76.85,62.01,93,21.0,90
220,2020-04-09 13:49:37,RU,Bilibino,68.05,166.44,-6.52,86,2.98,100
221,2020-04-09 13:49:37,BR,Arraial do Cabo,-22.97,-42.03,77.0,69,20.8,14
222,2020-04-09 13:49:37,RU,Kungurtug,50.6,97.52,31.24,53,4.74,6
223,2020-04-09 13:49:37,MR,Atar,20.52,-13.05,102.85,7,9.8,0
224,2020-04-09 13:49:38,CA,Norman Wells,65.28,-126.83,19.4,62,13.87,75
225,2020-04-09 13:49:38,ZA,Port Alfred,-33.59,26.89,75.29,63,27.51,25
226,2020-04-09 13:49:38,PE,Talara,-4.58,-81.27,62.6,100,20.8,100
227,2020-04-09 13:49:38,RU,Lavrentiya,65.58,-171.0,2.26,93,6.69,95
228,2020-04-09 13:49:38,NC,Poum,-20.23,164.02,78.06,77,15.52,36
229,2020-04-09 13:45:59,US,Half Moon Bay,37.46,-122.43,55.0,100,5.82,90
230,2020-04-09 13:49:38,NA,Henties Bay,-22.12,14.28,62.01,87,7.0,0
231,2020-04-09 13:49:38,JP,Hasaki,35.73,140.83,48.2,76,16.11,75
232,2020-04-09 13:49:38,BR,Pitimbu,-7.47,-34.81,87.8,70,9.17,75
233,2020-04-09 13:49:39,ZA,Elliot,-31.33,27.85,65.59,37,6.89,67
234,2020-04-09 13:49:39,MV,Kudahuvadhoo,2.67,72.89,84.63,64,2.66,13
235,2020-04-09 13:49:39,CL,Ancud,-41.87,-73.82,48.2,100,2.24,90
236,2020-04-09 13:49:39,CA,Tuktoyaktuk,69.45,-133.04,-9.4,76,4.7,40
237,2020-04-09 13:49:39,GA,Port-Gentil,-0.72,8.78,84.2,74,13.87,20
238,2020-04-09 13:49:39,BR,Linhares,-19.39,-40.07,73.56,86,7.02,97
239,2020-04-09 13:49:39,ID,Atambua,-9.11,124.89,73.96,78,3.98,37
240,2020-04-09 13:49:39,IS,Olafsvik,64.89,-23.71,35.42,84,1.9,45
241,2020-04-09 13:49:39,GL,Qasigiannguit,68.82,-51.19,21.2,41,4.7,5
242,2020-04-09 13:49:39,JP,Mombetsu,44.35,143.35,29.1,97,4.25,100
243,2020-04-09 13:45:08,US,Winnemucca,40.97,-117.74,48.2,34,14.99,1
244,2020-04-09 13:49:39,PE,Satipo,-11.25,-74.64,82.63,45,1.45,89
245,2020-04-09 13:49:39,CD,Bosobolo,4.18,19.9,78.91,69,1.74,100
246,2020-04-09 13:49:39,MX,Acapulco de Juárez,16.86,-99.89,73.4,78,2.24,40
247,2020-04-09 13:49:39,AU,Mount Isa,-20.73,139.5,77.0,31,5.82,94
248,2020-04-09 13:49:39,NC,Vao,-22.67,167.48,74.89,69,13.22,5
249,2020-04-09 13:49:40,LY,Jadu,31.95,12.03,63.93,22,9.28,46
250,2020-04-09 13:49:40,CL,Cañete,-37.8,-73.4,59.79,61,1.5,64
251,2020-04-09 13:49:40,JP,Tateyama,34.98,139.87,50.0,87,19.46,75
252,2020-04-09 13:49:40,NE,Bilma,18.69,12.92,97.83,8,11.14,28
253,2020-04-09 13:49:40,DE,Templin,53.12,13.5,66.0,42,13.87,57
254,2020-04-09 13:49:40,EG,Abnūb,27.27,31.15,80.6,24,20.8,0
255,2020-04-09 13:49:40,AR,Mar del Plata,-38.0,-57.56,62.01,77,8.05,20
256,2020-04-09 13:49:40,ZA,Richards Bay,-28.78,32.04,72.19,79,18.23,66
257,2020-04-09 13:46:29,AU,Carnarvon,-24.87,113.63,78.8,83,11.41,90
258,2020-04-09 13:49:40,IN,Pākāla,13.47,79.12,73.4,94,8.05,75
259,2020-04-09 13:49:40,TM,Bereket,39.24,55.52,52.88,41,20.42,75
260,2020-04-09 13:49:41,FO,Klaksvík,62.23,-6.59,41.0,86,17.22,100
261,2020-04-09 13:49:41,QA,Doha,25.29,51.53,93.2,48,16.11,0
262,2020-04-09 13:49:41,BR,Teresópolis,-22.41,-42.97,73.4,83,6.93,75
263,2020-04-09 13:49:41,MX,Cintalapa,16.7,-93.73,88.2,45,0.54,37
264,2020-04-09 13:49:41,RU,Ayan,56.45,138.17,30.65,92,9.75,20
265,2020-04-09 13:49:41,AU,Gawler,-34.6,138.73,57.0,93,2.42,0
266,2020-04-09 13:44:49,CO,Puerto Carreño,6.19,-67.49,80.6,74,10.8,75
267,2020-04-09 13:49:41,BR,Santa Isabel,-23.32,-46.22,75.2,52,6.93,32
268,2020-04-09 13:49:41,US,Homer,59.64,-151.55,30.2,42,4.0,1
269,2020-04-09 13:49:41,MV,Hithadhoo,-0.6,73.08,85.12,65,5.99,66
270,2020-04-09 13:49:41,US,Taylor,32.3,-99.83,64.99,62,3.74,90
271,2020-04-09 13:45:51,ID,Meulaboh,4.14,96.13,80.15,84,7.67,100
272,2020-04-09 13:49:41,IR,Gachsaran,30.36,50.8,73.4,56,9.17,90
273,2020-04-09 13:49:41,CN,Dongsheng,39.82,109.98,40.73,30,19.77,73
274,2020-04-09 13:49:41,PH,Barahan,13.01,120.76,79.77,75,5.46,70
275,2020-04-09 13:49:41,US,Mayo,38.89,-76.51,64.0,93,20.69,90
276,2020-04-09 13:49:41,US,North Platte,41.12,-100.77,26.6,79,4.7,1
277,2020-04-09 13:49:41,LK,Hambantota,6.12,81.12,83.19,71,2.48,42
278,2020-04-09 13:49:41,CL,Lebu,-37.62,-73.65,59.16,68,2.86,73
279,2020-04-09 13:49:42,US,Palmer,42.16,-72.33,48.2,81,9.17,90
280,2020-04-09 13:49:42,NZ,Tokomaru,-40.47,175.5,46.99,86,0.74,25
281,2020-04-09 13:49:42,AZ,Xaçmaz,41.46,48.81,48.88,60,1.83,1
282,2020-04-09 13:49:42,ML,Araouane,18.9,-3.53,100.6,6,2.04,10
283,2020-04-09 13:49:42,MX,Ojinaga,29.57,-104.42,71.6,30,4.16,90
284,2020-04-09 13:49:42,IT,Ronchi dei Legionari,45.82,13.51,75.99,34,6.2,5
285,2020-04-09 13:49:42,CN,Yumen,40.28,97.2,51.76,19,18.79,0
286,2020-04-09 13:46:26,BR,Rio Grande,-32.03,-52.1,64.4,82,8.05,75
287,2020-04-09 13:49:42,CN,Zaoyang,32.13,112.75,57.63,66,14.32,95
288,2020-04-09 13:48:30,BR,Conde,-7.26,-34.91,87.8,70,9.17,75
289,2020-04-09 13:49:42,BR,Bela Vista de Goiás,-16.97,-48.95,78.8,69,5.82,20
290,2020-04-09 13:49:43,ZA,De Aar,-30.65,24.01,79.21,12,13.09,0
291,2020-04-09 13:49:43,BR,Urucará,-2.54,-57.76,74.61,97,3.91,100
292,2020-04-09 13:49:43,IN,Chinchani,19.87,72.7,80.31,71,11.83,0
293,2020-04-09 13:49:43,BB,Bathsheba,13.22,-59.52,84.2,66,14.99,40
294,2020-04-09 13:49:43,NO,Geilo,60.53,8.21,34.0,80,24.0,51
295,2020-04-09 13:49:43,MX,Lázaro Cárdenas,17.96,-102.2,83.82,42,1.45,1
296,2020-04-09 13:49:43,CN,Chaozhou,23.67,116.64,66.2,63,4.47,0
297,2020-04-09 13:49:44,BR,Boa Vista,2.82,-60.67,86.0,62,10.29,75
298,2020-04-09 13:49:44,RU,Evensk,61.95,159.23,13.21,87,9.53,5
299,2020-04-09 13:49:44,MU,Quatre Cocos,-20.21,57.76,82.4,74,17.22,75
300,2020-04-09 13:49:44,LK,Weligama,5.97,80.42,79.97,83,2.24,57
301,2020-04-09 13:49:44,SJ,Longyearbyen,78.22,15.64,12.2,66,13.87,40
302,2020-04-09 13:49:44,AU,Charters Towers,-20.1,146.27,68.32,77,5.95,80
303,2020-04-09 13:49:44,ID,Palu,-0.89,119.87,76.59,80,1.5,97
304,2020-04-09 13:48:32,IN,Port Blair,11.67,92.75,82.51,74,6.87,41
305,2020-04-09 13:49:44,BR,Santa Maria,-29.68,-53.81,62.6,67,2.24,20
306,2020-04-09 13:49:44,SA,Faya,18.39,42.45,78.8,41,13.87,0
307,2020-04-09 13:49:44,RU,Selikhino,50.37,137.5,32.38,92,3.36,0
308,2020-04-09 13:49:44,NC,Moindou,-21.69,165.68,68.0,77,2.24,31
309,2020-04-09 13:49:44,BR,Aripuanã,-9.17,-60.63,75.36,92,3.02,100
310,2020-04-09 13:49:44,RU,Tatarsk,55.22,75.98,29.32,90,7.92,1
311,2020-04-09 13:49:45,IR,Kangāvar,34.5,47.97,57.6,48,7.74,100
312,2020-04-09 13:44:38,US,Pacific Grove,36.62,-121.92,53.6,81,3.36,90
313,2020-04-09 13:49:45,RU,Charyshskoye,51.4,83.56,32.7,78,4.45,100
314,2020-04-09 13:49:45,CN,Yashan,22.2,109.94,69.4,82,7.58,40
315,2020-04-09 13:49:45,CL,Arauco,-37.25,-73.32,55.4,82,3.36,90
316,2020-04-09 13:47:04,AU,Port Macquarie,-31.43,152.92,64.4,100,3.36,75
317,2020-04-09 13:49:45,CF,Birao,10.28,22.79,102.49,17,2.39,78
318,2020-04-09 13:49:45,TZ,Micheweni,-4.97,39.83,84.63,74,13.4,54
319,2020-04-09 13:49:45,RU,Vitim,59.45,112.56,33.42,83,4.27,0
320,2020-04-09 13:49:45,RU,Dikson,73.51,80.55,20.14,97,12.91,92
321,2020-04-09 13:49:45,TR,Yalova,40.66,29.28,57.2,58,18.34,0
322,2020-04-09 13:46:22,ZA,East London,-33.02,27.91,73.4,69,16.11,20
323,2020-04-09 13:48:32,BR,Maceió,-9.67,-35.74,86.0,70,5.82,75
324,2020-04-09 13:49:46,RU,Verkhnetulomskiy,68.61,31.8,24.8,73,8.95,75
325,2020-04-09 13:49:46,CI,Bonoua,5.27,-3.6,87.8,70,9.17,20
326,2020-04-09 13:49:46,MU,Souillac,-20.52,57.52,82.4,74,17.22,75
327,2020-04-09 13:49:46,RU,Abaza,52.66,90.09,39.02,70,3.71,100
328,2020-04-09 13:49:46,CD,Kindu,-2.95,25.95,87.21,53,4.9,81
329,2020-04-09 13:49:46,MX,Mapimí,25.82,-103.85,71.6,37,4.72,75
330,2020-04-09 13:49:46,LR,Monrovia,6.3,-10.8,78.8,83,6.76,75
331,2020-04-09 13:49:46,AU,Broken Hill,-31.95,141.43,60.8,59,3.36,0
332,2020-04-09 13:49:46,RU,Leshukonskoye,64.9,45.76,34.75,87,8.16,90
333,2020-04-09 13:49:46,AU,Bongaree,-27.08,153.16,70.0,94,6.93,75
334,2020-04-09 13:49:47,LY,Tūkrah,32.53,20.58,59.99,55,11.45,10
335,2020-04-09 13:49:47,BR,Iporá,-16.44,-51.12,81.19,59,4.94,78
336,2020-04-09 13:49:47,PT,Vila Franca do Campo,37.72,-25.43,62.6,82,11.41,20
337,2020-04-09 13:49:47,CA,Clyde River,70.47,-68.59,-0.4,91,2.24,1
338,2020-04-09 13:49:47,PG,Namatanai,-3.67,152.43,81.9,75,4.61,81
339,2020-04-09 13:49:47,PG,Vanimo,-2.67,141.3,79.43,84,5.82,44
340,2020-04-09 13:45:20,CA,Prince Rupert,54.32,-130.32,41.0,93,2.24,90
341,2020-04-09 13:49:47,US,Huron,41.15,-82.55,42.01,80,4.7,90
342,2020-04-09 13:49:48,RU,Belyy Yar,53.6,91.39,37.4,55,13.42,40
343,2020-04-09 13:49:48,ES,La Rioja,42.25,-2.5,68.0,60,13.87,82
344,2020-04-09 13:49:48,IN,Tezu,27.92,96.17,75.67,29,3.53,45
345,2020-04-09 13:49:48,AU,Mount Gambier,-37.83,140.77,51.8,93,6.93,0
346,2020-04-09 13:49:48,TG,Aného,6.23,1.6,91.4,59,12.75,20
347,2020-04-09 13:49:48,CN,Yakeshi,49.28,120.73,35.6,54,3.96,0
348,2020-04-09 13:39:22,CA,Vancouver,49.25,-123.12,44.01,93,3.36,20
349,2020-04-09 13:49:48,AR,Río Cuarto,-33.13,-64.35,57.2,62,16.11,0
350,2020-04-09 13:49:49,PH,Marawi,8.0,124.29,70.34,71,1.59,100
351,2020-04-09 13:49:49,CA,Harbour Breton,47.48,-55.8,29.14,90,8.97,0
352,2020-04-09 13:49:49,RE,Saint-Joseph,-21.37,55.62,84.2,69,5.82,75
353,2020-04-09 13:49:49,ZM,Nchelenge,-9.35,28.73,77.52,59,2.42,65
354,2020-04-09 13:49:49,BJ,Lokossa,6.64,1.72,93.2,45,12.3,43
355,2020-04-09 13:49:49,NA,Lüderitz,-26.65,15.16,80.6,32,17.22,0
356,2020-04-09 13:45:48,UA,Yalta,44.5,34.17,57.24,40,2.57,0
357,2020-04-09 13:49:49,IR,Dehlorān,32.69,47.27,84.72,29,19.77,73
358,2020-04-09 13:48:37,CL,San Bernardo,-33.6,-70.72,61.0,87,5.55,75
359,2020-04-09 13:48:13,CL,Coyhaique,-45.58,-72.07,44.6,87,5.82,100
360,2020-04-09 13:49:50,PT,Ponta do Sol,32.67,-17.1,68.0,88,6.93,40
361,2020-04-09 13:49:50,US,Kenai,60.55,-151.26,24.01,72,2.3,1
362,2020-04-09 13:49:50,NI,Siuna,13.73,-84.78,83.41,54,3.02,99
363,2020-04-09 13:49:50,IN,Verāval,20.9,70.37,77.18,79,10.0,0
364,2020-04-09 13:47:30,US,Saint George,37.1,-113.58,45.0,81,1.19,1
365,2020-04-09 13:49:50,AR,Concepción del Uruguay,-32.48,-58.24,64.0,64,1.99,0
366,2020-04-09 13:49:50,NZ,Kaitangata,-46.28,169.85,50.0,79,12.26,98
367,2020-04-09 13:49:50,LV,Daugavpils,55.88,26.53,48.02,76,13.27,96
368,2020-04-09 13:49:50,CL,Constitución,-35.33,-72.42,61.75,59,4.94,54
369,2020-04-09 13:49:50,JM,Morant Bay,17.88,-76.41,84.2,70,4.7,20
370,2020-04-09 13:49:50,GL,Nanortalik,60.14,-45.24,37.69,74,25.57,81
371,2020-04-09 13:49:50,KZ,Semey,50.41,80.23,39.2,54,6.71,100
372,2020-04-09 13:48:08,HK,Hong Kong,22.29,114.16,73.0,60,16.11,0
373,2020-04-09 13:49:50,MX,Ixtapa,20.7,-105.2,83.95,26,3.67,92
374,2020-04-09 13:49:50,CN,Zhangjiakou,40.81,114.88,41.23,46,3.56,46
375,2020-04-09 13:49:50,RU,Pevek,69.7,170.31,-3.3,93,6.02,100
376,2020-04-09 13:49:51,IN,Porbandar,21.64,69.61,78.51,77,11.61,0
377,2020-04-09 13:49:51,RU,Okhotsk,59.38,143.3,26.1,86,7.96,0
378,2020-04-09 13:44:53,VE,San Carlos,9.66,-68.58,91.4,42,8.01,96
379,2020-04-09 13:49:51,RU,Andreyevo,55.95,41.15,50.4,53,7.87,73
380,2020-04-09 13:49:51,SB,Kirakira,-10.45,161.92,78.62,80,6.13,26
381,2020-04-09 13:48:56,US,Meridian,43.61,-116.39,46.4,100,3.85,0
382,2020-04-09 13:49:51,PH,San Nicolas,18.17,120.6,77.86,75,12.48,22
383,2020-04-09 13:49:51,BR,Bonfim,3.08,-59.95,90.25,48,6.06,100
384,2020-04-09 13:49:02,US,Freeport,40.66,-73.58,54.0,81,11.41,90
385,2020-04-09 13:49:35,MA,Marrakesh,31.63,-8.01,80.6,34,6.93,20
386,2020-04-09 13:49:51,GB,Colwyn Bay,53.29,-3.73,68.0,72,6.93,87
387,2020-04-09 13:49:51,US,Avera,33.19,-82.53,71.01,82,10.29,1
388,2020-04-09 13:49:52,CO,Tibú,8.64,-72.74,86.67,65,2.01,100
389,2020-04-09 13:49:52,IR,Bardsīr,29.92,56.57,71.6,33,6.93,90
390,2020-04-09 13:49:52,MG,Tsaratanana,-16.78,47.65,78.13,57,10.89,0
391,2020-04-09 13:49:52,RU,Pechenga,69.53,31.17,26.6,63,20.8,20
392,2020-04-09 13:49:52,NG,Maiduguri,11.85,13.16,104.58,7,14.7,98
393,2020-04-09 13:49:52,MX,Jiménez,28.33,-105.4,60.8,48,10.29,90
394,2020-04-09 13:49:52,SA,Sakakah,29.97,40.21,80.6,12,18.34,0
395,2020-04-09 13:49:52,PH,Puro,12.48,123.38,80.96,77,9.78,12
396,2020-04-09 13:39:07,US,Portland,45.52,-122.68,51.01,70,3.15,1
397,2020-04-09 13:49:52,GB,Kirkcudbright,54.84,-4.05,55.11,74,6.78,100
398,2020-04-09 13:49:52,TR,Keskin,39.67,33.61,59.0,40,7.0,0
399,2020-04-09 13:49:53,LY,Misratah,32.38,15.09,62.02,47,10.54,0
400,2020-04-09 13:49:53,JP,Fukuechō,32.69,128.84,58.37,59,15.5,0
401,2020-04-09 13:49:53,TZ,Moshi,-3.35,37.33,86.0,58,12.75,40
402,2020-04-09 13:49:53,UA,Poroshkovo,48.67,22.75,73.4,17,2.24,0
403,2020-04-09 13:49:53,RU,Ostrovnoy,68.05,39.51,24.24,94,29.89,100
404,2020-04-09 13:49:53,RS,Prokuplje,43.23,21.59,71.6,17,14.99,0
405,2020-04-09 13:49:53,AU,Esperance,-33.87,121.9,75.2,33,9.17,27
406,2020-04-09 13:49:53,RU,Lensk,60.73,114.93,35.82,77,5.1,0
407,2020-04-09 13:44:57,ID,Bengkulu,-3.8,102.27,79.83,78,3.49,100
408,2020-04-09 13:48:27,US,Lancaster,40.25,-76.25,55.99,87,18.41,75
409,2020-04-09 13:45:34,CL,Vallenar,-28.57,-70.76,76.26,33,6.38,14
410,2020-04-09 13:49:53,PW,Kloulklubed,7.04,134.26,80.6,83,6.93,75
411,2020-04-09 13:49:53,PH,Dingle,11.0,122.67,79.43,73,8.5,25
412,2020-04-09 13:49:54,RU,Gornopravdinsk,60.05,69.9,26.08,96,7.31,49
413,2020-04-09 13:49:54,LR,Buchanan,5.88,-10.05,78.8,83,3.0,75
414,2020-04-09 13:47:37,US,Chandler,33.31,-111.84,55.0,66,4.7,1
415,2020-04-09 13:49:54,KZ,Ayagoz,47.97,80.44,32.54,77,4.5,100
416,2020-04-09 13:49:54,FR,Arrondissement de Saintes,45.67,-0.75,75.99,25,4.7,0
417,2020-04-09 13:49:54,VU,Isangel,-19.55,169.27,76.57,72,14.32,21
418,2020-04-09 13:49:54,US,Pacifica,37.61,-122.49,55.0,100,5.82,90
419,2020-04-09 13:48:09,CL,Antofagasta,-23.65,-70.4,66.2,82,4.7,90
420,2020-04-09 13:49:54,IN,Pithorāgarh,29.58,80.22,59.47,20,0.16,52
421,2020-04-09 13:47:02,AU,Cairns,-16.92,145.77,77.0,69,10.29,38
422,2020-04-09 13:49:54,GY,Linden,6.0,-58.3,84.2,79,11.41,40
423,2020-04-09 13:49:54,AU,Kiama,-34.68,150.87,62.01,100,6.76,80
424,2020-04-09 13:49:55,UY,Departamento de Maldonado,-34.67,-54.92,66.0,77,13.87,75
425,2020-04-09 13:49:55,TD,Bol,13.46,14.71,96.96,16,6.06,78
426,2020-04-09 13:49:55,PF,Faanui,-16.48,-151.75,82.02,78,10.09,80
427,2020-04-09 13:49:55,SN,Dakar,14.69,-17.44,104.0,69,18.34,0
428,2020-04-09 13:49:55,CN,Zhuhai,22.28,113.57,72.0,83,6.93,0
429,2020-04-09 13:49:55,IT,Pachino,36.72,15.09,66.2,55,8.05,20
430,2020-04-09 13:49:55,VE,Ciudad Bolivar,8.12,-63.55,91.71,42,8.77,100
431,2020-04-09 13:49:55,US,Elizabeth City,36.29,-76.25,64.99,82,3.36,75
432,2020-04-09 13:49:55,BR,Porto Walter,-8.27,-72.74,85.3,57,3.96,20
433,2020-04-09 13:49:56,PT,Lagoa,39.05,-27.98,61.61,72,7.52,100
434,2020-04-09 13:49:56,NZ,Tuatapere,-46.13,167.68,54.0,88,7.0,38
435,2020-04-09 13:49:56,RU,Togur,58.36,82.83,29.95,91,11.54,50
436,2020-04-09 13:49:56,NZ,Waipawa,-41.41,175.52,48.2,93,2.24,55
437,2020-04-09 13:49:56,PE,Hualmay,-11.1,-77.61,78.15,64,7.78,55
438,2020-04-09 13:49:56,IN,Wārāseonī,21.75,80.03,87.91,12,0.78,0
439,2020-04-09 13:49:56,GB,Margate,51.38,1.39,69.01,55,10.29,0
440,2020-04-09 13:49:56,PE,Coracora,-15.03,-73.78,61.12,14,3.02,72
441,2020-04-09 13:49:56,AT,Jenbach,47.4,11.74,70.0,30,6.93,75
442,2020-04-09 13:49:56,AR,General Roca,-39.03,-67.58,59.0,54,6.93,0
443,2020-04-09 13:49:56,CL,Diego de Almagro,-26.37,-70.05,75.7,25,5.46,1
444,2020-04-09 13:49:56,RU,Severo-Kuril'sk,50.68,156.12,28.24,94,5.75,72
445,2020-04-09 13:49:56,CA,Calmar,53.27,-113.82,30.99,63,19.46,90
446,2020-04-09 13:49:57,NO,Sørland,67.67,12.69,33.8,74,9.17,20
447,2020-04-09 13:49:57,GN,Mandiana,10.63,-8.68,103.35,19,5.23,52
448,2020-04-09 13:49:57,NZ,Okato,-39.2,173.88,51.01,59,8.01,60
449,2020-04-09 13:46:24,GF,Cayenne,4.93,-52.33,86.0,70,12.75,75
450,2020-04-09 13:49:57,US,Kahului,20.89,-156.47,71.6,94,4.7,90
451,2020-04-09 13:49:57,PY,General José Eduvigis Díaz,-27.17,-58.42,69.01,55,4.0,0
452,2020-04-09 13:46:55,BR,Imbituba,-28.24,-48.67,69.8,64,4.7,16
453,2020-04-09 13:49:57,BR,Vila Velha,-20.33,-40.29,78.01,83,6.93,90
454,2020-04-09 13:45:20,US,‘Āhuimanu,21.44,-157.84,69.8,94,4.56,75
455,2020-04-09 13:49:57,NO,Vardø,70.37,31.11,25.56,91,24.4,100
456,2020-04-09 13:49:57,CD,Lusambo,-4.97,23.45,88.79,47,0.94,93
457,2020-04-09 13:49:57,GR,Palekastro,35.2,26.25,63.0,51,11.01,48
458,2020-04-09 13:49:57,BR,Nhamundá,-2.19,-56.71,75.76,96,2.33,100
459,2020-04-09 13:49:57,TO,Neiafu,-18.65,-173.98,80.64,83,12.86,18
460,2020-04-09 13:49:57,NG,Kontagora,10.4,5.47,99.36,25,6.31,90
461,2020-04-09 13:49:57,PH,Gadung,6.8,124.02,80.65,75,3.09,88
462,2020-04-09 13:49:58,RU,Srednekolymsk,67.45,153.68,-0.72,91,8.63,69
463,2020-04-09 13:49:58,LY,Ubari,26.59,12.78,79.48,14,8.1,0
464,2020-04-09 13:49:58,RU,Beringovskiy,63.05,179.32,11.91,91,4.0,78
465,2020-04-09 13:49:58,RU,Batagay-Alyta,67.8,130.41,19.51,86,6.26,24
466,2020-04-09 13:49:58,SB,Buala,-8.14,159.59,81.79,79,4.52,18
467,2020-04-09 13:49:58,MX,Todos Santos,23.45,-110.22,70.0,64,10.29,75
468,2020-04-09 13:47:25,BR,Padre Paraíso,-17.07,-41.48,69.3,75,4.16,100
469,2020-04-09 13:49:58,TR,Heraclea,37.51,34.05,54.27,39,3.83,100
470,2020-04-09 13:49:59,IN,Leh,34.17,77.58,24.69,22,5.39,99
471,2020-04-09 13:49:59,GB,Brae,60.4,-1.35,46.4,60,4.7,20
472,2020-04-09 13:49:59,UA,Lebedyn,50.59,34.48,59.43,40,7.23,14
473,2020-04-09 13:49:59,MR,Adrar,20.5,-10.07,99.55,7,16.6,0
474,2020-04-09 13:49:59,NE,Agadez,19.75,10.25,93.56,9,8.01,71
475,2020-04-09 13:49:59,UA,Druzhba,52.04,33.95,56.62,47,9.64,75
476,2020-04-09 13:49:59,SE,Ludvika,60.15,15.19,51.01,31,18.34,10
477,2020-04-09 13:49:59,IT,Besana in Brianza,45.7,9.29,75.99,32,4.7,19
478,2020-04-09 13:49:59,BO,Uyuni,-20.46,-66.83,53.6,10,8.81,8
479,2020-04-09 13:49:59,JP,Namie,37.48,141.0,46.0,77,8.28,100
480,2020-04-09 13:49:59,GL,Nuuk,64.18,-51.72,39.2,48,5.82,20
481,2020-04-09 13:44:38,US,North Bend,43.41,-124.22,45.0,100,8.16,90
482,2020-04-09 13:49:59,CV,Praia,14.92,-23.51,86.0,40,20.8,0
483,2020-04-09 13:50:00,RU,Zeya,53.75,127.27,30.51,89,4.05,51
484,2020-04-09 13:50:00,MG,Beloha,-25.17,45.05,70.43,66,17.13,74
485,2020-04-09 13:50:00,PE,Pisco,-13.7,-76.22,72.0,30,2.24,40
486,2020-04-09 13:50:00,NC,Pouébo,-20.4,164.57,72.86,81,9.01,15
487,2020-04-09 13:50:00,MX,Villa Vicente Guerrero,19.12,-98.17,68.25,26,5.19,66
488,2020-04-09 13:50:00,BR,Maragogi,-9.01,-35.22,86.45,58,7.92,74
489,2020-04-09 13:50:00,BO,Puerto Quijarro,-17.78,-57.77,82.08,42,6.08,27
490,2020-04-09 13:50:00,IR,Bandar-e Lengeh,26.56,54.88,89.6,33,9.17,13
491,2020-04-09 13:50:00,RU,Chokurdakh,70.63,147.92,0.27,94,7.45,90
492,2020-04-09 13:50:00,FR,Aire-sur-la-Lys,50.64,2.4,78.01,35,8.05,0
493,2020-04-09 13:50:00,AU,Yeppoon,-23.13,150.73,71.6,78,3.36,7
494,2020-04-09 13:50:00,CA,Matagami,49.75,-77.63,28.4,100,9.17,90
495,2020-04-09 13:50:00,UA,Verkhniy Rohachyk,47.25,34.34,58.26,45,2.86,0
496,2020-04-09 13:50:01,JP,Izumo,35.37,132.77,51.8,57,3.36,40
497,2020-04-09 13:50:01,CM,Bertoua,4.58,13.68,77.77,69,3.53,97
498,2020-04-09 13:50:01,TH,Kathu,7.92,98.33,84.2,62,5.82,40
499,2020-04-09 13:50:01,CA,Esterhazy,50.65,-102.08,18.36,87,12.19,69
500,2020-04-09 13:50:01,CN,Yichun,47.7,128.9,32.29,73,2.59,0
501,2020-04-09 13:50:01,NO,Svelgen,61.77,5.3,39.2,69,6.93,75
502,2020-04-09 13:48:20,CL,Coquimbo,-29.95,-71.34,62.6,82,2.24,90
503,2020-04-09 13:50:01,RU,Kosh-Agach,50.0,88.67,35.49,37,2.51,49
504,2020-04-09 13:50:01,MG,Ambilobe,-13.2,49.05,78.53,82,1.32,6
505,2020-04-09 13:50:02,RU,Severo-Yeniseyskiy,60.37,93.04,26.73,90,8.32,98
506,2020-04-09 13:50:02,TR,Şile,41.18,29.61,57.0,58,18.34,2
507,2020-04-09 13:50:02,RU,Tsimmerbude,54.67,20.13,50.0,71,17.9,35
508,2020-04-09 13:48:09,US,Green River,41.53,-109.47,33.01,26,6.93,1
509,2020-04-09 13:50:02,MZ,Nacala,-14.54,40.67,80.1,78,11.56,3
510,2020-04-09 13:50:02,RU,Poyarkovo,49.6,128.68,36.28,76,6.33,2
511,2020-04-09 13:50:02,RU,Zhigansk,66.77,123.37,32.79,93,19.42,100
512,2020-04-09 13:50:02,ZA,Kuruman,-27.45,23.43,81.0,46,1.01,61
513,2020-04-09 13:50:02,CL,Buin,-33.73,-70.75,53.6,87,5.44,75
514,2020-04-09 13:50:02,US,Meadow Lake,34.8,-106.54,57.99,37,3.36,75
515,2020-04-09 13:50:02,AU,Hervey Bay,-25.3,152.85,70.0,82,5.82,64
516,2020-04-09 13:47:15,SA,Buraidah,26.33,43.98,100.4,25,17.22,75
517,2020-04-09 13:50:03,AR,Río Gallegos,-51.62,-69.22,51.8,71,3.36,56
518,2020-04-09 13:50:03,ML,Tessalit,20.2,1.01,103.66,6,12.57,43
519,2020-04-09 13:50:03,MM,Myitkyina,25.38,97.4,79.34,37,2.26,69
520,2020-04-09 13:50:03,SN,Bakel,14.9,-12.46,108.01,6,4.68,0
521,2020-04-09 13:50:03,CL,Calbuco,-41.77,-73.13,44.6,100,2.24,75
522,2020-04-09 13:50:03,BO,Caranavi,-15.82,-67.55,74.12,48,3.04,64
523,2020-04-09 13:50:03,KZ,Emba,48.83,58.14,44.17,54,8.86,0
524,2020-04-09 13:49:39,RU,Egvekinot,66.32,-179.17,-6.0,86,5.46,40
525,2020-04-09 13:50:03,BR,Salinópolis,-0.61,-47.36,81.68,83,10.6,17
526,2020-04-09 13:50:03,AU,Queanbeyan,-35.35,149.23,57.99,87,6.93,90
527,2020-04-09 13:50:03,NO,Kirkenær,60.46,12.06,48.99,31,8.05,0
528,2020-04-09 13:45:28,SA,Riyadh,24.69,46.72,102.2,10,14.99,37
529,2020-04-09 13:50:03,PL,Lębork,54.54,17.75,60.01,58,24.16,40
530,2020-04-09 13:50:03,PH,San Fernando,15.03,120.69,86.0,83,11.41,75
531,2020-04-09 13:50:03,IN,Barghāt,22.03,79.72,85.48,13,4.85,6
532,2020-04-09 13:50:03,AO,Longonjo,-12.91,15.25,80.6,54,9.17,40
533,2020-04-09 13:50:03,CA,Fort Saint James,54.43,-124.25,34.07,65,4.18,87
534,2020-04-09 13:50:04,FI,Varkaus,62.32,27.87,44.6,48,17.22,75
535,2020-04-09 13:50:04,RU,Imeni Poliny Osipenko,52.42,136.49,31.42,94,4.72,4
536,2020-04-09 13:50:04,CN,Chuzhou,32.32,118.3,63.0,68,1.01,42
537,2020-04-09 13:46:35,US,Nantucket,41.28,-70.1,45.0,100,13.87,90
538,2020-04-09 13:50:04,CA,Hudson Bay,52.85,-102.38,17.64,91,7.67,73
539,2020-04-09 13:50:04,BR,São Miguel do Araguaia,-13.28,-50.16,85.08,63,4.32,44
540,2020-04-09 13:50:04,RU,Krasnosel'kup,65.7,82.47,21.81,96,17.07,100
541,2020-04-09 13:50:04,CD,Kisangani,0.52,25.2,77.04,74,4.7,100
542,2020-04-09 13:50:04,PK,Gwadar,25.12,62.33,79.93,67,9.31,0
543,2020-04-09 13:50:04,SD,Umm Kaddadah,13.6,26.69,99.91,7,7.31,15
544,2020-04-09 13:44:38,CA,Kenora,49.82,-94.43,26.6,79,12.75,90
545,2020-04-09 13:50:04,RU,Ust'-Ishim,57.69,71.17,29.17,95,6.62,43
546,2020-04-09 13:50:04,BR,Touros,-5.2,-35.46,87.8,70,9.17,75
547,2020-04-09 13:50:04,ZM,Kabwe,-14.45,28.45,73.65,47,10.8,95
548,2020-04-09 13:50:04,GB,Newport,51.59,-3.0,73.4,43,9.17,94
549,2020-04-09 13:50:05,BR,Paragominas,-2.97,-47.48,86.58,67,3.44,85
550,2020-04-09 13:50:05,US,Russell,32.35,-85.2,75.0,94,6.93,1
551,2020-04-09 13:50:05,IQ,Rāwah,34.48,41.91,79.09,24,14.61,5
552,2020-04-09 13:50:05,GH,Esim,4.87,-2.24,87.01,66,11.07,54
553,2020-04-09 13:50:05,US,Cañon City,38.44,-105.24,39.99,41,4.85,1
554,2020-04-09 13:50:05,GB,Cleethorpes,53.56,-0.03,59.0,93,13.87,98
555,2020-04-09 13:50:05,RU,Starosubkhangulovo,53.1,57.44,40.21,75,7.23,87
556,2020-04-09 13:50:05,ID,Tambun,-6.26,107.07,82.4,78,5.82,40
557,2020-04-09 13:50:05,CA,Chapais,49.78,-74.85,28.4,50,10.29,90
558,2020-04-09 13:49:19,AO,Luanda,-8.84,13.23,84.2,70,9.17,40
559,2020-04-09 13:50:06,EG,Marsá Maţrūḩ,31.35,27.25,62.6,63,12.75,75
560,2020-04-09 13:50:06,BR,Realeza,-25.77,-53.53,76.77,28,2.62,0
561,2020-04-09 13:50:06,SA,Umluj,25.02,37.27,76.86,38,15.93,0
562,2020-04-09 13:50:06,RU,Turukhansk,65.82,87.98,26.91,96,20.71,100
563,2020-04-09 13:50:06,PG,Kieta,-6.22,155.63,80.11,78,2.77,92
564,2020-04-09 13:50:06,RU,Vrangel',42.73,133.08,33.84,90,3.4,34
565,2020-04-09 13:50:06,JP,Katsuura,35.13,140.3,50.0,87,19.46,75
566,2020-04-09 13:45:40,BR,Caravelas,-17.71,-39.25,75.9,89,13.87,99
567,2020-04-09 13:50:06,AR,Rawson,-43.3,-65.1,71.11,37,25.68,0
568,2020-04-09 13:50:06,NZ,Dunedin,-45.87,170.5,54.0,79,15.48,85
569,2020-04-09 13:50:06,RU,Aksarka,66.56,67.8,30.06,96,17.96,100
570,2020-04-09 13:50:06,NZ,Te Anau,-45.42,167.72,46.24,75,2.8,2
571,2020-04-09 13:50:06,CN,Hongjiang,27.11,110.0,65.5,63,2.8,9
572,2020-04-09 13:50:06,IN,Sīra,13.75,76.91,86.36,29,8.05,14
573,2020-04-09 13:50:06,NP,Pokhara,28.23,83.98,64.92,19,3.76,52
574,2020-04-09 13:50:06,US,Broome,42.25,-75.83,53.01,81,14.99,90
575,2020-04-09 13:50:06,CA,Dryden,49.78,-92.75,24.8,85,10.29,90
576,2020-04-09 13:50:06,RU,Gordeyevka,52.96,31.97,57.88,49,8.75,63
577,2020-04-09 13:50:07,AU,Port Hedland,-20.32,118.57,78.8,88,4.7,82
578,2020-04-09 13:50:07,VE,Cumana,10.46,-64.18,78.8,88,19.46,89
579,2020-04-09 13:50:07,CV,Praia,14.92,-23.51,86.0,40,20.8,0
580,2020-04-09 13:50:07,LY,Mizdah,31.45,12.98,67.41,22,0.63,4
581,2020-04-09 13:50:07,MU,Grand Gaube,-20.01,57.66,82.4,74,17.22,75
582,2020-04-09 13:47:02,NG,Jalingo,8.88,11.37,99.36,29,8.1,100
583,2020-04-09 13:50:07,BO,Urubichá,-15.38,-62.95,80.96,27,5.79,0
584,2020-04-09 13:50:07,BO,La Paz,-16.5,-68.15,46.4,75,5.82,20
585,2020-04-09 13:50:07,US,Nome,64.5,-165.41,8.01,77,13.87,90
586,2020-04-09 13:46:49,NE,Mayahi,13.96,7.67,103.93,7,10.51,78
587,2020-04-09 13:50:07,MG,Ampanihy,-24.7,44.75,70.36,63,15.5,90
588,2020-04-09 13:50:07,NG,Awka,6.21,7.07,89.6,62,5.82,75
589,2020-04-09 13:50:07,ID,Tual,-5.67,132.75,83.79,74,8.01,67
590,2020-04-09 13:50:07,IS,Husavik,66.04,-17.34,37.4,51,12.75,0
591,2020-04-09 13:50:08,MY,Kuching,1.55,110.33,82.0,94,3.36,40
592,2020-04-09 13:50:08,MX,Guaymas,27.93,-110.9,59.0,76,5.99,6
593,2020-04-09 13:50:08,BR,Mineiros,-17.57,-52.55,75.31,62,5.64,95
594,2020-04-09 13:50:08,AO,Soyo,-6.13,12.37,89.6,62,6.93,20
595,2020-04-09 13:50:08,MG,Mahajanga,-15.72,46.32,93.2,49,6.93,20
596,2020-04-09 13:50:08,IN,Dwārka,22.24,68.97,78.35,85,14.79,0
597,2020-04-09 13:50:08,CA,Shellbrook,53.22,-106.4,-2.2,91,3.36,20
598,2020-04-09 13:50:01,US,Fairbanks,64.84,-147.72,17.6,85,9.17,40
599,2020-04-09 13:50:08,RE,Sainte-Marie,-20.9,55.55,84.2,70,13.87,20
600,2020-04-09 13:50:08,RU,Gornyy,55.12,83.91,29.66,89,6.42,100
601,2020-04-09 13:50:08,GB,Liverpool,53.41,-2.98,68.0,60,11.41,96
602,2020-04-09 13:50:08,KZ,Kushmurun,52.45,64.63,36.7,74,8.01,10
603,2020-04-09 13:50:08,LY,Al Bardīyah,31.76,25.09,59.05,54,24.38,5
604,2020-04-09 13:50:08,PA,Portobelo,9.55,-79.65,84.0,74,3.36,40
605,2020-04-09 13:50:08,PF,Tevaitoa,-16.78,-151.5,82.85,78,10.76,92
606,2020-04-09 13:50:08,BR,São João da Barra,-21.64,-41.05,78.8,73,5.82,90
607,2020-04-09 13:47:08,IN,Tura,25.52,90.22,75.7,26,1.63,13
608,2020-04-09 13:50:09,AU,Flinders,-34.58,150.86,62.01,100,6.29,84
609,2020-04-09 13:50:09,CN,Rucheng,32.39,120.56,55.99,83,1.01,0
610,2020-04-09 13:50:09,DE,Löningen,52.73,7.77,68.0,37,8.05,49
611,2020-04-09 13:50:09,PH,Maguling,6.09,124.4,80.69,76,1.54,73
612,2020-04-09 13:50:09,NZ,Dargaville,-35.93,173.88,57.15,79,6.08,77
613,2020-04-09 13:50:10,TH,Mae Sai,20.43,99.88,82.99,58,4.7,20
614,2020-04-09 13:50:10,RU,Ust-Nera,64.57,143.2,11.62,85,3.27,10
615,2020-04-09 13:50:10,ZM,Kalengwa,-13.47,25.0,73.74,54,8.48,25
616,2020-04-09 13:50:10,IS,Vestmannaeyjar,63.44,-20.27,39.2,64,5.82,20
617,2020-04-09 13:50:10,RU,Talnakh,69.49,88.4,23.0,100,35.79,90
618,2020-04-09 13:50:10,CA,Smithers,54.78,-127.17,35.6,80,4.7,75
619,2020-04-09 13:50:10,RU,Vuktyl,63.86,57.31,35.55,91,16.11,100
620,2020-04-09 13:50:10,US,Marshall,34.38,-86.33,64.99,88,10.29,1
621,2020-04-09 13:50:10,RU,Aktash,50.3,87.73,29.77,43,1.39,70
622,2020-04-09 13:50:10,RU,Izhma,65.01,53.91,35.26,94,10.8,100
623,2020-04-09 13:50:10,BR,Centenário do Sul,-22.82,-51.6,74.91,57,7.16,0
624,2020-04-09 13:50:10,NU,Alofi,-19.06,-169.92,81.9,82,17.85,99
625,2020-04-09 13:49:09,US,Riverton,40.52,-111.94,53.01,65,11.41,75
626,2020-04-09 13:50:11,RU,Yar-Sale,66.83,70.83,29.03,96,18.03,57
627,2020-04-09 13:50:11,BR,Pompéu,-19.22,-44.94,78.75,60,0.49,48
628,2020-04-09 13:50:11,US,Fortuna,40.6,-124.16,46.0,93,4.97,90
629,2020-04-09 13:47:18,US,West Fargo,46.88,-96.9,30.2,79,13.87,1
630,2020-04-09 13:50:11,US,Ketchikan,55.34,-131.65,39.2,93,5.82,1
631,2020-04-09 13:50:11,CD,Ilebo,-4.32,20.58,81.01,78,2.55,100
632,2020-04-09 13:50:11,TZ,Sokoni,-6.43,39.55,87.8,70,8.05,75
633,2020-04-09 13:50:11,PT,Camacha,33.08,-16.33,71.6,73,12.75,20
634,2020-04-09 13:50:11,RU,Krasnoborsk,61.56,45.93,41.43,77,8.23,100
635,2020-04-09 13:50:11,MX,Puerto Peñasco,31.32,-113.53,60.76,52,10.31,0
636,2020-04-09 13:50:12,GB,Portree,57.41,-6.19,52.0,84,5.99,100
637,2020-04-09 13:50:12,RU,Tara,56.89,74.37,29.71,92,7.65,41
638,2020-04-09 13:50:12,FR,Vendôme,47.8,1.07,77.0,29,5.82,0
639,2020-04-09 13:50:12,BR,Alta Floresta,-9.88,-56.09,73.4,100,1.12,75
640,2020-04-09 13:49:46,NI,Bluefields,12.01,-83.76,82.4,78,4.7,40
641,2020-04-09 13:50:12,CF,Obo,5.4,26.49,82.83,59,3.09,96
642,2020-04-09 13:50:12,RU,Tigil',57.8,158.67,15.22,92,2.8,100
